[
  {
    "id": "331e944e-e878-43a6-8521-ff9590ace560",
    "data": [
      {
        "text": "I want some ",
        "userDefined": false
      },
      {
        "text": "beef",
        "alias": "ingredient",
        "meta": "@ingredient",
        "userDefined": false
      },
      {
        "text": ".",
        "userDefined": false
      }
    ],
    "isTemplate": false,
    "count": 0,
    "updated": 1544715473
  },
  {
    "id": "f5d1436d-5017-4def-9953-b4c1543a682a",
    "data": [
      {
        "text": "I prefer ",
        "userDefined": false
      },
      {
        "text": "vegetarian",
        "alias": "health_label",
        "meta": "@health_label",
        "userDefined": false
      },
      {
        "text": " food.",
        "userDefined": false
      }
    ],
    "isTemplate": false,
    "count": 0,
    "updated": 1544715473
  },
  {
    "id": "42d44686-f98c-4bfb-943c-73e57acd670d",
    "data": [
      {
        "text": "Something ",
        "userDefined": false
      },
      {
        "text": "vegan",
        "alias": "health_label",
        "meta": "@health_label",
        "userDefined": false
      },
      {
        "text": ".",
        "userDefined": false
      }
    ],
    "isTemplate": false,
    "count": 0,
    "updated": 1544715473
  },
  {
    "id": "e7449288-91ba-4248-a4f4-f64e7620ba6d",
    "data": [
      {
        "text": "I would like something ",
        "userDefined": false
      },
      {
        "text": "gluten free",
        "alias": "health_label",
        "meta": "@health_label",
        "userDefined": false
      },
      {
        "text": ".",
        "userDefined": false
      }
    ],
    "isTemplate": false,
    "count": 0,
    "updated": 1544715473
  },
  {
    "id": "7c750275-0d94-445a-87d6-93b4dc86826c",
    "data": [
      {
        "text": "I prefer ",
        "userDefined": false
      },
      {
        "text": "low sugar",
        "alias": "health_label",
        "meta": "@health_label",
        "userDefined": false
      },
      {
        "text": ".",
        "userDefined": false
      }
    ],
    "isTemplate": false,
    "count": 0,
    "updated": 1544715473
  },
  {
    "id": "2141838f-ad0c-45a0-82b2-96da548f3f8f",
    "data": [
      {
        "text": "I would like to cook some ",
        "userDefined": false
      },
      {
        "text": "fish",
        "alias": "ingredient",
        "meta": "@ingredient",
        "userDefined": false
      },
      {
        "text": ".",
        "userDefined": false
      }
    ],
    "isTemplate": false,
    "count": 0,
    "updated": 1544714640
  },
  {
    "id": "67fac7af-3769-4da2-8ba4-85a98fe34b46",
    "data": [
      {
        "text": "I want to cook something ",
        "userDefined": false
      },
      {
        "text": "low fat.",
        "alias": "diet_type",
        "meta": "@diet_type",
        "userDefined": true
      }
    ],
    "isTemplate": false,
    "count": 0,
    "updated": 1544714640
  },
  {
    "id": "15710b7c-8374-4a9a-932b-c14de46a86c7",
    "data": [
      {
        "text": "I would like to have some ",
        "userDefined": false
      },
      {
        "text": "low-carb",
        "alias": "diet_type",
        "meta": "@diet_type",
        "userDefined": false
      },
      {
        "text": " meal.",
        "userDefined": false
      }
    ],
    "isTemplate": false,
    "count": 0,
    "updated": 1544714289
  },
  {
    "id": "211d3359-cb1f-42f3-b299-912fdb936f1c",
    "data": [
      {
        "text": "I would like some spicy ",
        "userDefined": false
      },
      {
        "text": "beef",
        "alias": "ingredient",
        "meta": "@ingredient",
        "userDefined": true
      },
      {
        "text": ".",
        "userDefined": false
      }
    ],
    "isTemplate": false,
    "count": 0,
    "updated": 1544474377
  },
  {
    "id": "ea9e25c1-e540-46fc-b5de-77eb335a19b6",
    "data": [
      {
        "text": "I have some ",
        "userDefined": false
      },
      {
        "text": "beef",
        "alias": "ingredient",
        "meta": "@ingredient",
        "userDefined": true
      },
      {
        "text": " in the fridge.",
        "userDefined": false
      }
    ],
    "isTemplate": false,
    "count": 0,
    "updated": 1544473317
  },
  {
    "id": "a61b2056-225e-4a2a-8469-2549a611d808",
    "data": [
      {
        "text": "I want to cook something with ",
        "userDefined": false
      },
      {
        "text": "beef",
        "alias": "ingredient",
        "meta": "@ingredient",
        "userDefined": true
      },
      {
        "text": ".",
        "userDefined": false
      }
    ],
    "isTemplate": false,
    "count": 0,
    "updated": 1544473317
  }
]