[
  {
    "value": "balanced",
    "synonyms": [
      "balanced",
      "balanced"
    ]
  },
  {
    "value": "high-fiber",
    "synonyms": [
      "high-fiber",
      "high fiber"
    ]
  },
  {
    "value": "high-protein",
    "synonyms": [
      "high-protein",
      "high protein"
    ]
  },
  {
    "value": "low-carb",
    "synonyms": [
      "low-carb",
      "low carb"
    ]
  },
  {
    "value": "low-fat",
    "synonyms": [
      "low-fat",
      "low fat"
    ]
  },
  {
    "value": "low-sodium",
    "synonyms": [
      "low-sodium",
      "low sodium"
    ]
  }
]