[
  {
    "value": "alcohol-free",
    "synonyms": [
      "alcohol-free",
      "alcohol free"
    ]
  },
  {
    "value": "celery-free",
    "synonyms": [
      "celery-free",
      "celery free"
    ]
  },
  {
    "value": "crustacean-free",
    "synonyms": [
      "crustacean-free",
      "crustacean free"
    ]
  },
  {
    "value": "dairy-free",
    "synonyms": [
      "dairy-free",
      "dairy free"
    ]
  },
  {
    "value": "egg-free",
    "synonyms": [
      "egg-free",
      "egg free"
    ]
  },
  {
    "value": "fish-free",
    "synonyms": [
      "fish-free",
      "fish free"
    ]
  },
  {
    "value": "gluten-free",
    "synonyms": [
      "gluten-free",
      "gluten free"
    ]
  },
  {
    "value": "kidney-friendly",
    "synonyms": [
      "kidney-friendly",
      "kidney friendly"
    ]
  },
  {
    "value": "kosher",
    "synonyms": [
      "kosher",
      "kosher"
    ]
  },
  {
    "value": "low-potassium",
    "synonyms": [
      "low-potassium",
      "low potassium"
    ]
  },
  {
    "value": "lupine-free",
    "synonyms": [
      "lupine-free",
      "lupine free"
    ]
  },
  {
    "value": "mustard-free",
    "synonyms": [
      "mustard-free",
      "mustard free"
    ]
  },
  {
    "value": "No-oil-added",
    "synonyms": [
      "No-oil-added",
      "no oil added",
      "no oil"
    ]
  },
  {
    "value": "low-sugar",
    "synonyms": [
      "low-sugar",
      "low sugar"
    ]
  },
  {
    "value": "paleo",
    "synonyms": [
      "paleo",
      "paleo"
    ]
  },
  {
    "value": "peanut-free",
    "synonyms": [
      "peanut-free",
      "peanut free"
    ]
  },
  {
    "value": "pescatarian",
    "synonyms": [
      "pescatarian",
      "pescatarian"
    ]
  },
  {
    "value": "pork-free",
    "synonyms": [
      "pork-free",
      "pork free"
    ]
  },
  {
    "value": "red-meat-free",
    "synonyms": [
      "red-meat-free",
      "red meat free",
      "no red meat"
    ]
  },
  {
    "value": "sesame-free",
    "synonyms": [
      "sesame-free",
      "sesame free",
      "no sesame"
    ]
  },
  {
    "value": "shellfish-free",
    "synonyms": [
      "shellfish-free",
      "shellfish free",
      "no shellfish"
    ]
  },
  {
    "value": "soy-free",
    "synonyms": [
      "soy-free",
      "soy free"
    ]
  },
  {
    "value": "sugar-conscious",
    "synonyms": [
      "sugar-conscious",
      "sugar conscious",
      "low sugar"
    ]
  },
  {
    "value": "tree-nut-free",
    "synonyms": [
      "tree-nut-free",
      "tree nut free",
      "no tree nut"
    ]
  },
  {
    "value": "vegan",
    "synonyms": [
      "vegan"
    ]
  },
  {
    "value": "vegetarian",
    "synonyms": [
      "vegetarian"
    ]
  },
  {
    "value": "wheat-free",
    "synonyms": [
      "wheat-free",
      "wheat free"
    ]
  }
]